org.ta4j.core.indicators.helpers.HighPriceIndicator::org.ta4j.core.indicators.AbstractIndicator,40
org.ta4j.core.indicators.helpers.HighPriceIndicator::org.ta4j.core.indicators.AbstractIndicator,50
org.ta4j.core.indicators.helpers.HighPriceIndicator::org.ta4j.core.indicators.AbstractIndicator,51
org.ta4j.core.indicators.helpers.HighPriceIndicator::org.ta4j.core.indicators.CachedIndicator,46
org.ta4j.core.indicators.helpers.HighPriceIndicator::org.ta4j.core.indicators.CachedIndicator,52
org.ta4j.core.indicators.helpers.HighPriceIndicator::org.ta4j.core.indicators.CachedIndicator,61
org.ta4j.core.indicators.helpers.HighPriceIndicator::org.ta4j.core.indicators.helpers.PriceIndicator,42
org.ta4j.core.indicators.helpers.HighPriceIndicator::org.ta4j.core.indicators.helpers.PriceIndicator,43
org.ta4j.core.indicators.helpers.HighPriceIndicator::org.ta4j.core.indicators.helpers.HighPriceIndicator,36
org.ta4j.core.indicators.helpers.HighPriceIndicator::org.ta4j.core.indicators.AbstractIndicator,55
org.ta4j.core.indicators.SMAIndicator::org.ta4j.core.indicators.AbstractIndicator,40
org.ta4j.core.indicators.SMAIndicator::org.ta4j.core.indicators.AbstractIndicator,50
org.ta4j.core.indicators.SMAIndicator::org.ta4j.core.indicators.AbstractIndicator,51
org.ta4j.core.indicators.SMAIndicator::org.ta4j.core.indicators.CachedIndicator,46
org.ta4j.core.indicators.SMAIndicator::org.ta4j.core.indicators.CachedIndicator,52
org.ta4j.core.indicators.SMAIndicator::org.ta4j.core.indicators.CachedIndicator,61
org.ta4j.core.indicators.SMAIndicator::org.ta4j.core.indicators.CachedIndicator,70
org.ta4j.core.indicators.SMAIndicator::org.ta4j.core.indicators.SMAIndicator,44
org.ta4j.core.indicators.SMAIndicator::org.ta4j.core.indicators.SMAIndicator,45
org.ta4j.core.indicators.SMAIndicator::org.ta4j.core.indicators.SMAIndicator,46
org.ta4j.core.indicators.SMAIndicator::org.ta4j.core.indicators.SMAIndicator,50
org.ta4j.core.indicators.SMAIndicator::org.ta4j.core.indicators.AbstractIndicator,65
org.ta4j.core.indicators.SMAIndicator::org.ta4j.core.indicators.SMAIndicator,51
org.ta4j.core.indicators.SMAIndicator::org.ta4j.core.indicators.SMAIndicator,55
org.ta4j.core.indicators.SMAIndicator::org.ta4j.core.indicators.SMAIndicator,56
org.ta4j.core.indicators.helpers.ClosePriceIndicator::org.ta4j.core.indicators.AbstractIndicator,40
org.ta4j.core.indicators.helpers.ClosePriceIndicator::org.ta4j.core.indicators.AbstractIndicator,50
org.ta4j.core.indicators.helpers.ClosePriceIndicator::org.ta4j.core.indicators.AbstractIndicator,51
org.ta4j.core.indicators.helpers.ClosePriceIndicator::org.ta4j.core.indicators.CachedIndicator,46
org.ta4j.core.indicators.helpers.ClosePriceIndicator::org.ta4j.core.indicators.CachedIndicator,52
org.ta4j.core.indicators.helpers.ClosePriceIndicator::org.ta4j.core.indicators.CachedIndicator,61
org.ta4j.core.indicators.helpers.ClosePriceIndicator::org.ta4j.core.indicators.helpers.PriceIndicator,42
org.ta4j.core.indicators.helpers.ClosePriceIndicator::org.ta4j.core.indicators.helpers.PriceIndicator,43
org.ta4j.core.indicators.helpers.ClosePriceIndicator::org.ta4j.core.indicators.helpers.ClosePriceIndicator,36
org.ta4j.core.indicators.helpers.LowPriceIndicator::org.ta4j.core.indicators.AbstractIndicator,40
org.ta4j.core.indicators.helpers.LowPriceIndicator::org.ta4j.core.indicators.AbstractIndicator,50
org.ta4j.core.indicators.helpers.LowPriceIndicator::org.ta4j.core.indicators.AbstractIndicator,51
org.ta4j.core.indicators.helpers.LowPriceIndicator::org.ta4j.core.indicators.CachedIndicator,46
org.ta4j.core.indicators.helpers.LowPriceIndicator::org.ta4j.core.indicators.CachedIndicator,52
org.ta4j.core.indicators.helpers.LowPriceIndicator::org.ta4j.core.indicators.CachedIndicator,61
org.ta4j.core.indicators.helpers.LowPriceIndicator::org.ta4j.core.indicators.helpers.PriceIndicator,42
org.ta4j.core.indicators.helpers.LowPriceIndicator::org.ta4j.core.indicators.helpers.PriceIndicator,43
org.ta4j.core.indicators.helpers.LowPriceIndicator::org.ta4j.core.indicators.helpers.LowPriceIndicator,36
org.ta4j.core.indicators.helpers.ClosePriceIndicator::org.ta4j.core.indicators.AbstractIndicator,55
org.ta4j.core.indicators.StochasticOscillatorKIndicator::org.ta4j.core.indicators.AbstractIndicator,40
org.ta4j.core.indicators.StochasticOscillatorKIndicator::org.ta4j.core.indicators.AbstractIndicator,50
org.ta4j.core.indicators.StochasticOscillatorKIndicator::org.ta4j.core.indicators.AbstractIndicator,51
org.ta4j.core.indicators.StochasticOscillatorKIndicator::org.ta4j.core.indicators.CachedIndicator,46
org.ta4j.core.indicators.StochasticOscillatorKIndicator::org.ta4j.core.indicators.CachedIndicator,52
org.ta4j.core.indicators.StochasticOscillatorKIndicator::org.ta4j.core.indicators.CachedIndicator,61
org.ta4j.core.indicators.StochasticOscillatorKIndicator::org.ta4j.core.indicators.CachedIndicator,70
org.ta4j.core.indicators.StochasticOscillatorKIndicator::org.ta4j.core.indicators.StochasticOscillatorKIndicator,57
org.ta4j.core.indicators.StochasticOscillatorKIndicator::org.ta4j.core.indicators.StochasticOscillatorKIndicator,58
org.ta4j.core.indicators.StochasticOscillatorKIndicator::org.ta4j.core.indicators.StochasticOscillatorKIndicator,59
org.ta4j.core.indicators.StochasticOscillatorKIndicator::org.ta4j.core.indicators.StochasticOscillatorKIndicator,60
org.ta4j.core.indicators.StochasticOscillatorKIndicator::org.ta4j.core.indicators.StochasticOscillatorKIndicator,61
org.ta4j.core.indicators.StochasticOscillatorKIndicator::org.ta4j.core.indicators.StochasticOscillatorKIndicator,52
org.ta4j.core.indicators.StochasticOscillatorKIndicator::org.ta4j.core.indicators.AbstractIndicator,55
org.ta4j.core.indicators.SMAIndicator::org.ta4j.core.indicators.SMAIndicator,61
